Chapter;Subtitle;id_layer_base;Description;Media Link;Link;Zoom;id _map;Описание что на картах
Как устроен амфитеатр;Как работает метафора Амфитеатра?;1;"Петербург принято считать плоским городом. Но если взглянуть на него вместе с окружающим ландшафтом, открывается неожиданная картина.

Город расположен на Принёвской низине, а с трёх сторон его окружают возвышенности: на севере — холмы Карельского перешейка, на юге — Ижорская возвышенность, на западе — Балтийско-Ладожский глинт, высокий уступ вдоль Финского залива.

Всего вокруг Петербурга находится более ста гор и холмов, многие из которых служат естественными смотровыми площадками. С этих высот открываются панорамные виды на Петербург.

Именно поэтому градостроитель Валентин Назаров предложил необычную метафору: город напоминает гигантский амфитеатр. Петербург находится внизу, словно сцена, а окружающие возвышенности образуют естественные ряды для зрителей.

Это сравнение помогает увидеть связь между геологией, рельефом и историей города. Ландшафт, сформированный ледниками и древним морем тысячи лет назад, до сих пор определяет облик Петербурга.";amphitheater.png;;amphitheater_bound;2;рельеф и горы
Как устроен амфитеатр;Составляющие амфитеатра;1;"Если смотреть на Петербург и его окрестности сверху, рельеф действительно напоминает огромный амфитеатр.

Границы в исследовании — это всегда условность. Мы используем их как инструмент, чтобы лучше понять, как устроен город и его окружение.

В нашем случае Петербург рассматривается как природно-градостроительный «амфитеатр», и у него есть две ключевые части: внутренняя «сцена» и внешняя граница всего амфитеатра.

Внутри — плотное городское ядро, где формируется «сцена» амфитеатра. Снаружи — окружающий ландшафт, который задаёт общий рельеф и создает природные «ряды» вокруг города.";;;amphitheater_bound;2;рельеф и горы
Как устроен амфитеатр;;1;"В центре находится низменная часть города — своеобразная «сцена». Именно здесь расположен исторический Петербург и большая часть городской застройки.

Вокруг сцены рельеф постепенно поднимается несколькими ступенями, словно ряды зрительских мест. Каждая следующая ступень находится немного выше предыдущей и открывает всё более широкий обзор на город.";;;amphitheater_bound;3;сцена и маска сцены
Как устроен амфитеатр;;1;Партер — первый и нижний ярус природного амфитеатра образует древняя береговая линия Литоринового моря, существовавшего несколько тысяч лет назад. Его следы до сих пор хорошо заметны в рельефе Петербурга и окрестностей.;;Партер;amphitheater_bound;4;партер и маска партера
Как устроен амфитеатр;;1;Места в Партере есть у жителей города Петергоф, Ломоносов и пр. Самые лучшие места - с них вы можете увидеть, как Финский залив...;;;amphitheater_bound;4;
Как устроен амфитеатр;;1;Бельэтаж — второй ярус амфитеатра. Его образуют холмы, оставленные древним ледником. К ним относятся Пулковские высоты на юге города, холмы Юкков и Парголова на севере, а также возвышенности в районе Колтушей и Всеволожска.;;Бельэтаж;amphitheater_bound;5;подсвеченные вомитории
Как устроен амфитеатр;;1;Места в Бельэтаже есть у жителей города Петергоф, Ломоносов и пр. Самые лучшие места - открывается удивительный скайлайн города откуда видно исаакий, лахту и пр.;;;amphitheater_bound;5;подсвеченные сектора
Как устроен амфитеатр;;1;Балкон — верхний ряд природного амфитеатра. Это самые высокие точки вокруг Петербурга, откуда открываются наиболее широкие панорамы. К ним относятся Ижорская и Лемболовская возвышенности, а также Угловские высоты.;landscape_450.png;Балкон;amphitheater_bound;6;подсвеченный балкон
Как устроен амфитеатр;;1;"Амфитеатр состоит не только из рядов зрителей. Между ними должны быть проходы. В природном ландшафте такую роль играют речные долины — вомитории.

Вомитории — проходы, по которым зрители попадают к своим местам в амфитеатре. В окрестностях Петербурга их роль выполняют долины рек — Тосны, Ижоры, Дудергофки, Сестры и многих других, которые прорезают возвышенности и соединяют разные уровни рельефа.

Поэтому сравнение Петербурга с амфитеатром — не просто красивый образ. Оно довольно точно описывает устройство окружающего ландшафта: низменный центр, несколько ярусов возвышенностей и сеть речных долин, соединяющих их в единую систему.";landscape_25.png;Амфитеатр;amphitheater_bound;7;Маска и вомитории
Горы Петербурга — геологическая летопись;;1;"В окрестностях Петербурга известно около 101 именной горы, холма и возвышенности. Но важно понимать: это не полный список. Многие названия были забыты или утрачены, и часть из них мы до сих пор заново находим и возвращаем на карту.
И тогда возникает простой вопрос: откуда вообще взялись эти горы вокруг города?

В следующий раз, проходя мимо холма или возвышенности, попробуйте представить: как давно она здесь появилась и какие процессы её сформировали. Это не случайные неровности рельефа — у каждой из них своя история.

Их происхождение связано с разными этапами истории Земли.";;;amphitheater_bound;2;
Горы Петербурга — геологическая летопись;;1;450 млн лет назад — древнее море. Конец Ордовикского, начало Силурийского периода.;;;amphitheater_bound;8;landscape_450.png
Горы Петербурга — геологическая летопись;;1;Территория будущего Петербурга была дном мелководного моря. На его дне накапливались осадки — известняки и песчаники. Эти слои стали фундаментом будущих возвышенностей и уступов.;Map 1735.png;;amphitheater_bound;8;
Горы Петербурга — геологическая летопись;;1;2,5 млн лет назад — ледники. Силурийский период.;Pietarin Valot.jpg;;amphitheater_bound;9;landscape_2,5.png
Горы Петербурга — геологическая летопись;;1;Территорию многократно покрывали ледники. Они сглаживали старый рельеф и одновременно формировали новые холмы и гряды, которые сегодня окружают Петербург с севера и востока.Эти поднятия стали основой современных высоких уступов — Ордовикского и Силурийского плато, включая Дудергофские высоты, Путиловское плато и Балтийско-Ладожский глинт.;Mariental.jpg;;amphitheater_bound;9;
Горы Петербурга — геологическая летопись;;1;12 тыс. лет назад — конец ледникового периода. Девонский период.;;;amphitheater_bound;10;landscape_12.png
Горы Петербурга — геологическая летопись;;1;"На месте древнего Литоринового моря сформировалась низменная терраса — литориновый уступ. Он стал нижним ярусом будущего «амфитеатра» Петербурга. 
В это же время ледники ещё отступали и оставляли после себя отложения: моренные холмы, камовые гряды и возвышенности. Из них позже сформировались средние и верхние ярусы рельефа — будущие «бельэтаж» и «балкон».";;;amphitheater_bound;10;
Горы Петербурга — геологическая летопись;;1;7 тыс. лет назад — послеледниковое время. Четвертичный период.;;;amphitheater_bound;11;landscape_7.png
Горы Петербурга — геологическая летопись;;1;"Рельеф приобрёл современные очертания. Реки и ручьи начали активно прорезать возвышенности, формируя долины — естественные «вомитории», которые разделяют ярусы и соединяют разные уровни ландшафта.
По этим долинам вода стекает в Неву и Финский залив, создавая современную речную сеть региона.";;;amphitheater_bound;11;
Горы Петербурга — геологическая летопись;;1;Горные финны. Освоение человеком территорий, которые в будущем станут окрестностями Петербурга, началось именно с гор  ;;;amphitheater_bound;12;расселение финов сложная легенда
История «горных финнов»;;1;"Первые люди поселились именно на горах. Территория вокруг будущего Петербурга издревле была заселена финно-угорскими народами — карелами,  ижорой, водью, вепсами. Во времена, когда эти места были шведской провинцией Ингерманландия, сюда переселились другие финны: савакоты и эвремейсы. 

Их поселения и дороги появлялись прежде всего на возвышенностях. Там было суше, безопаснее и удобнее для жизни и сельского хозяйства, чем в низинах. Мы называем их “горными финнами”: именно эти народы являются коренными для окрестностей Петерубурга.

Так постепенно сложился «горный» каркас расселения — сеть населённых пунктов, привязанная к холмам и возвышенностям. Именно с окружающих гор началось обживание того, что в будущем станет Петербургом. Следы этих процессов мы можем видеть до сих пор — город окружен старинными сёлами, что намного старше его.";;;amphitheater_bound;12;расселение финов сложная легенда
История «горных финнов»;;1;На старинных картах (конца XVII начала XVIII веков) горы вокруг Петербурга показывают как настоящие горы — даже со снеговыми вершинами ;;;amphitheater_bound;12;расселение финов сложная легенда
История «горных финнов»;Мяки и Сельки ;1;Для коренного населения рельеф местности был очень важен, поэтому практически каждый холм и гора имели свои названия. Более того, информация о рельефе часто была зашита в названия деревень: таким образом топонимы служили своеобразной картой. Это были - мяки (холмы) и -сельки (гряды, хребты). Некоторые места сохраняют эти “горные” корни до сих пор: Коломяги, Вартемяги, Пудомяги, или Корабсельки. Но большнство топонимов было переименовано в совесткие годы: так петербуржцы стали забывать о горах.  Мы нанесли все исторические финские “горные” топонимы на карту, чтобы вернуть ставшим безымянными холмам их имена. ;;;amphitheater_bound;13;Карта с мяками и сельками подписанными и горы точки не подписанные
История «горных финнов»;Pietarin valot («Огни Петербурга»);1;Pietarin valot («Огни Петербурга») — автобиографический роман финского писателя Юханни Конкка о взрослении мальчика в ингерманландской деревне Койвумяки на Токсовских высотах, откуда он наблюдает далёкие и манящие огни Петербурга. Через историю героя раскрывается трагическая судьба ингерманландского народа в XX веке.;;;historical_zones_5;14;на токсики
История «горных финнов»;Призрак Ингерманландии ;1;Несмотря на войны, эмиграции и депортации XX века, потомки коренных народов все еще живут вокруг Петербурга. В настоящее время горных финнов-ингерманландцев осталось немного, но есть немало деревень, в которых они остаются, продолжая традиции древней Ижорской земли и Ингерманландии. ;;;amphitheater_bound;13;Карта расселения современных финнов
Высочайшие наблюдатели;;1;После присоединения новых территорий к России в XVIII веке российская аристократия стала строить усадьбы в самых живописных местах — на возвышенностях, в речных долинах и у Финского залива. Используя особенности рельефа, они создавали дворцово-парковые ансамбли с широкими панорамами и каскадами прудов. Эти пейзажи позже стали одним из любимых мотивов русской живописи. Начало этой традиции положил Пётр I, лично выбирая места для путевых дворцов и загородных резиденций.;;;amphitheater_bound;15;все усадьбы и дачи
Высочайшие наблюдатели;Южные усадьбы;1;"Каждое направление вокруг Петербурга имело свои особенности, но особенно привлекательным был юг с его крутым литориновым уступом, где расположился главный дворец Империи: Петерегоф. Разрезающие горы карстовые речные долины напоминали здесь европейские пейзажи: так возник Павловский парк в долине Славянки, что называли «Русской Швейцарией»; дворянские усадьбы на крутых берегах Тосны с пещерами и водопадами. Южные окрестности Петербурга заселялись наиболее активно: здесь проходила важная дорога на Кронштадт, и вдоль нее на рельефе возникло немало дворцов.";;;historical_zones_1;16;карта зум 1
;;1;"Среди высочайших любителей возвышенных пейзажей особое место занимал император Николай I. На Бабигонских высотах, в окрестностях Низино, он построил дворец-бельведер, откуда открывалась широкая панорама на окрестные земли и Петербург. Неподалёку, на Дудергофских высотах у Красного Села, император наблюдал за военными манёврами и армейскими парадами.
";;;historical_zones_2;17;карта зум 2
Высочайшие наблюдатели;Николай I и Бельведер в Низино;1;Дворянские усадьбы, например, Алексея Толстого, располагались и на крутых берегах Саблинки и Тосны с пещерами и водопадами — на возвышенностях Путиловского плато.;;;historical_zones_3;18;карта зум 3
Высочайшие наблюдатели;;1;"Восточное направление развивалось иначе. Район Колтушей и Рябова являлся одним из центров ингерманландской культуры, поэтому крупных дворянских усадеб здесь было сравнительно немного. Среди наиболее известных выделялись владения родов Чоглоковых и Всеволожских.

На Колтушской возвышенности располагалась усадьба Рябово, принадлежавшая Всеволожским. Это был крупный дворянский комплекс, который, однако, не сохранился до наших дней. Значительную часть населения Колтушей и Лемболовской возвышенности составляли ингерманландские финны, что также влияло на характер освоения территории и ограничивало распространение крупных помещичьих владений.";;;historical_zones_4;19;карта зум 4
Высочайшие наблюдатели;;1;Север региона, известный как «Чухонская Швейцария», получил развитие позднее: с приходом железной дороги усадебную культуру здесь постепенно сменила дачная жизнь, сделав живописные пейзажи доступными более широкому кругу жителей Петербурга. Массовое развитие этих земель началось значительно позже — лишь во второй половине XIX — начале XX века. Строительство железных дорог сделало северные окрестности Петербурга более доступными, и они постепенно превратились в популярные дачные районы, привлекавшие жителей столицы своими живописными ландшафтами и близостью к природе.;;;historical_zones_5;20;карта зум 5
Высочайшие наблюдатели;Горы за окном и на стене;1;"Холмы и возвышенности окрестностей Петербурга имели значение не только для хозяйственного освоения территории, но и занимали важное место в культурной жизни региона. Живописные пейзажи привлекали художников, которые нередко изображали их на литографиях дворцово-парковых ансамблей и дворянских усадеб.

На таких изображениях часто встречаются прогулки аристократов по паркам, панорамные виды поместий и пасторальные сцены сельской жизни. Возвышенности служили естественными смотровыми площадками, позволяя подчеркнуть красоту окружающего ландшафта и величие усадебных комплексов. Для дворянства природа была не просто фоном повседневной жизни, а важной частью культурного идеала, воплощавшего гармонию человека и окружающего мира.";;;amphitheater_bound;21;живопись
Горы сейчас;как люди используют люди сейчас разные активности;1;как люди используют люди сейчас разные активности;;;amphitheater_bound;22;использование и маршруты
Горы сейчас;как люди используют люди сейчас разные активности;1;а созерцают ли люди и наши фотки гор;;;amphitheater_bound;23;
